Timestamp,SO2,NOx,O2,CO,Dust,Temperature,Velocity,Flowrate,Pressure,Blowback_Every,Blowback_Period,Blowback_Hold,Blowback_PulseOn,Blowback_PulseOff,Blowback_Trigger,Blowback_SamplingSOV,Blowback_SamplingPump,Blowback_BlowbackSOV,Blowback_BlowbackLight,Blowback_Running,Blowback_HoldValue
2025-07-23 10:45:42,0,0,0,0,0,0,0,0,0,0,0,0,0,0,0,0,0,0,0,0,0
2025-07-23 10:46:44,0,0,0,0,0,0,0,0,0,0,0,0,0,0,0,0,0,0,0,0,0
2025-07-23 10:47:46,0,0,0,0,0,0,0,0,0,0,0,0,0,0,0,0,0,0,0,0,0
2025-07-23 10:48:46,0,0,0,0,0,0,0,0,0,0,0,0,0,0,0,0,0,0,0,0,0
2025-07-23 10:49:48,0,0,0,0,0,0,0,0,0,0,0,0,0,0,0,0,0,0,0,0,0
2025-07-23 10:50:48,0,0,0,0,0,0,0,0,0,0,0,0,0,0,0,0,0,0,0,0,0
2025-07-23 10:51:50,0,0,0,0,0,0,0,0,0,0,0,0,0,0,0,0,0,0,0,0,0
2025-07-23 10:52:52,0,0,0,0,0,0,0,0,0,0,0,0,0,0,0,0,0,0,0,0,0
2025-07-24 15:43:01,123,50,10.9,25.6,555,0,0,0.0,0,0,0,0,0,0,0,0,0,0,0,0
2025-07-24 15:44:01,123,50,10.9,25.6,555,0,0,0.0,0,0,0,0,0,0,0,0,0,0,0,0
2025-07-24 15:45:02,123,50,10.9,25.6,555,0,0,0.0,0,0,0,0,0,0,0,0,0,0,0,0
2025-07-24 15:46:02,123,50,10.9,25.6,555,0,0,0.0,0,0,0,0,0,0,0,0,0,0,0,0
2025-07-24 15:47:02,123,50,10.9,25.6,555,0,0,0.0,0,0,0,0,0,0,0,0,0,0,0,0
2025-07-24 15:47:25,123,50,10.9,25.6,555,0,0,0.0,0,0,0,0,0,0,0,0,0,0,0,0
2025-07-24 15:48:08,123,50,10.9,25.6,555,0,0,0.0,0,0,0,0,0,0,0,0,0,0,0,0
2025-07-24 15:49:08,0,0,0,0,0,0,0,0.0,0,0,0,0,0,0,0,0,0,0,0,0
2025-07-24 15:50:08,0,0,0,0,0,0,0,0.0,0,0,0,0,0,0,0,0,0,0,0,0
2025-07-24 15:51:08,123,50,10.9,25.6,555,0,0,0.0,0,0,0,0,0,0,0,0,0,0,0,0
2025-07-24 15:52:09,123,50,10.9,25.6,555,0,0,0.0,0,0,0,0,0,0,0,0,0,0,0,0
2025-07-24 15:53:09,123,50,10.9,25.6,555,0,0,0.0,0,0,0,0,0,0,0,0,0,0,0,0
2025-07-24 15:54:09,123,50,10.9,25.6,555,0,0,0.0,0,0,0,0,0,0,0,0,0,0,0,0
2025-07-24 15:55:10,123,50,10.9,25.6,555,0,0,0.0,0,0,0,0,0,0,0,0,0,0,0,0
2025-07-24 15:56:10,123,50,10.9,25.6,555,0,0,0.0,0,0,0,0,0,0,0,0,0,0,0,0
2025-07-24 15:57:10,123,50,10.9,25.6,555,0,0,0.0,0,0,0,0,0,0,0,0,0,0,0,0
2025-07-24 15:58:10,123,50,10.9,25.6,555,0,0,0.0,0,0,0,0,0,0,0,0,0,0,0,0
2025-07-24 15:59:11,123,50,10.9,25.6,555,0,0,0.0,0,0,0,0,0,0,0,0,0,0,0,0
2025-07-24 16:00:15,123,50,10.9,25.6,555,0,0,0.0,0,0,0,0,0,0,0,0,0,0,0,0
2025-07-24 16:01:16,123,50,10.9,25.6,555,0,0,0.0,0,0,0,0,0,0,0,0,0,0,0,0
2025-07-24 16:02:16,123,50,10.9,25.6,555,0,0,0.0,0,0,0,0,0,0,0,0,0,0,0,0
2025-07-24 16:03:17,123,50,10.9,25.6,555,0,0,0.0,0,0,0,0,0,0,0,0,0,0,0,0
2025-07-24 16:04:17,123,50,10.9,25.6,555,0,0,0.0,0,0,0,0,0,0,0,0,0,0,0,0
2025-07-24 16:05:18,123,50,10.9,0,0,0,0,0.0,0,0,0,0,0,0,0,0,0,0,0,0
2025-07-24 16:06:21,123,50,10.9,0,0,0,0,0.0,0,0,0,0,0,0,0,0,0,0,0,0,256
2025-07-24 16:07:21,123,50,10.9,256
2025-07-24 16:08:21,123,50,10.9,256
2025-07-24 16:09:21,123,50,10.9,256
2025-07-24 16:10:21,123,50,10.9,256
2025-07-24 16:11:21,123,50,10.9,256
2025-07-24 16:12:21,123,50,10.9,256
2025-07-24 16:13:21,123,50,10.9,256
2025-07-24 16:14:21,123,50,10.9,256
2025-07-24 16:15:21,123,50,10.9,256
2025-07-24 16:16:21,123,50,10.9,256
2025-07-24 16:17:21,123,50,10.9,256
2025-07-24 16:18:22,123,50,10.9,256,130
2025-07-24 16:19:22,123,50,10.9,256,130
2025-07-24 16:20:22,123,50,10.9,256,130,0,123
2025-07-24 16:21:22,123,50,10.9,256,130,0,0,0.0
2025-07-24 16:22:22,123,50,10.9,256,130,0,0,0.0
2025-07-24 16:23:22,123,50,10.9,256,130,0,0,0.0
2025-07-24 16:24:22,123,50,10.9,256,130,0,0,0.0
2025-07-24 16:25:23,123,50,10.9,256,130,0,0,0.0
2025-07-24 16:26:23,123,50,10.9,256,130,0,0,0.0
2025-07-24 16:27:23,123,50,10.9,256,130,0,0,109,0.0
2025-07-24 16:28:23,123,50,10.9,256,130,0,0,109,0.0
2025-07-24 16:29:23,123,50,10.9,256,130,150,400,109,13073760.0
2025-07-24 16:30:23,123,50,10.9,256,130,150,400,154,13073760.0
2025-07-24 16:31:23,123,50,10.9,256,130,150,400,154,13073760.0
2025-07-24 16:32:24,123,50,10.9,256,130,150,400,154,13073760.0
2025-07-24 16:33:24,123,50,10.9,256,130,150,400,154,13073760.0
2025-07-24 16:34:24,123,50,10.9,256,130,150,400,154,13073760.0
2025-07-24 16:35:24,123,50,10.9,256,130,150,400,154,13073760.0
2025-07-24 16:36:24,123,50,10.9,256,130,150,400,154,13073760.0
2025-07-24 16:37:24,123,50,10.9,256,130,150,400,154,13073760.0
2025-07-24 16:38:24,123,50,10.9,256,130,150,400,154,13073760.0
2025-07-24 16:39:24,123,50,10.9,256,130,150,400,154,13073760.0
2025-07-24 16:40:25,123,50,10.9,256,130,150,400,154,13073760.0
2025-07-24 16:41:25,123,50,10.9,256,130,150,400,154,13073760.0
2025-07-24 16:42:25,123,50,10.9,256,130,150,400,154,13073760.0
2025-07-24 16:43:25,123,50,10.9,256,130,150,400,154,13073760.0
2025-07-24 16:44:25,123,50,10.9,256,130,150,400,150,13073760.0
2025-07-24 16:45:25,123,50,10.9,256,130,150,400,150,13073760.0
2025-07-24 16:46:26,123,50,10.9,256,130,150,400,150,13073760.0
2025-07-24 16:51:14,0,0,0,0,130,150,400,150,13073760.0
2025-07-24 16:52:44,0,50,10.9,256,130,150,400,150,13073760.0
2025-07-24 16:53:44,123,50,10.9,256,130,150,400,150,13073760.0
2025-07-24 16:54:44,123,50,10.9,256,130,150,400,150,13073760.0
2025-07-24 16:55:44,123,50,10.9,256,130,150,400,150,13073760.0
2025-07-24 16:56:44,123,50,10.9,256,130,150,400,150,13073760.0
2025-07-24 16:57:44,123,50,10.9,256,130,150,400,150,13073760.0
2025-07-24 16:58:44,123,50,10.9,256,130,150,400,150,13073760.0
2025-07-24 16:59:45,123,50,10.9,256,130,150,400,150,13073760.0
2025-07-24 17:00:45,123,50,10.9,256,130,150,400,150,13073760.0
2025-07-24 17:01:45,123,50,10.9,256,130,150,400,150,13073760.0
2025-07-27 12:05:12,0,0,0,0,0,0,0,0,0.0
2025-07-27 12:06:12,0,0,0,0,0,0,0,0,0.0
2025-07-27 12:07:12,0,0,0.0,0,0,0,0,0,0.0
2025-07-27 12:08:12,123,456,0.0,0,0,0,0,0,0.0
2025-07-27 12:09:12,123,456,78.9,256,567,0,0,0,0.0
2025-07-27 12:10:12,123,456,78.9,256,567,213,657,888,21473650.8
2025-07-27 12:11:13,123,456,78.9,256,567,213,657,888,21473650.8
2025-07-27 12:12:13,123,456,78.9,256,567,213,657,888,21473650.8
2025-07-27 12:13:13,123,456,78.9,256,567,213,657,888,21473650.8
2025-07-27 12:14:13,123,456,78.9,256,567,213,657,888,21473650.8
2025-07-27 12:15:13,123,456,78.9,256,567,213,657,888,21473650.8
2025-07-27 12:16:13,123,456,78.9,256,567,213,657,888,21473650.8
2025-07-27 12:17:13,123,456,78.9,256,567,213,657,888,21473650.8
2025-07-27 12:18:13,123,456,78.9,256,567,213,657,888,21473650.8
2025-07-27 12:19:14,123,456,78.9,256,567,213,657,888,21473650.8
2025-07-27 12:20:14,123,456,78.9,256,567,213,657,888,21473650.8
2025-07-27 12:21:14,123,456,78.9,256,567,213,657,888,21473650.8
2025-07-27 12:22:14,123,456,78.9,256,567,213,657,888,21473650.8
2025-07-27 12:23:14,123,456,78.9,256,567,213,657,888,21473650.8
2025-07-27 12:24:14,123,456,78.9,256,567,213,657,888,21473650.8
2025-07-27 12:25:14,123,456,78.9,256,567,213,657,888,21473650.8
2025-07-27 12:26:14,123,456,78.9,256,567,213,657,888,21473650.8
2025-07-27 12:27:14,123,456,78.9,256,567,213,657,888,21473650.8
2025-07-27 12:28:15,123,456,78.9,256,567,213,657,888,21473650.8
2025-07-27 12:29:15,123,456,78.9,256,567,213,657,888,21473650.8
2025-07-27 12:30:15,123,456,78.9,256,567,213,657,888,21473650.8
2025-07-27 12:31:15,123,456,78.9,256,567,213,657,888,21473650.8
2025-07-27 12:32:15,123,456,78.9,256,567,213,657,888,21473650.8
2025-07-27 12:33:15,123,456,78.9,256,567,213,657,888,21473650.8
2025-07-27 12:34:15,123,456,78.9,256,567,213,657,888,21473650.8
2025-07-27 12:35:16,123,456,78.9,256,567,213,657,888,21473650.8
2025-07-27 12:36:16,123,456,78.9,256,567,213,657,888,21473650.8
2025-07-27 12:37:16,123,456,78.9,256,567,213,657,888,21473650.8
2025-07-27 12:38:16,123,456,78.9,256,567,213,657,888,21473650.8
2025-07-27 12:39:16,123,456,78.9,256,567,213,657,888,21473650.8
2025-07-27 12:40:16,123,456,78.9,256,567,213,657,888,21473650.8
2025-07-27 12:41:17,123,456,78.9,256,567,213,657,888,21473650.8
2025-07-27 12:42:17,123,456,78.9,256,567,213,657,888,21473650.8
2025-07-27 12:43:17,123,456,78.9,256,567,213,657,888,21473650.8
2025-07-27 12:44:17,123,456,78.9,256,567,213,657,888,21473650.8
2025-07-27 12:44:39,123,456,78.9,256,567,213,657,888,21473650.8
2025-07-27 12:45:39,123,456,78.9,256,567,213,657,888,21473650.8
2025-07-27 12:46:39,123,456,78.9,256,567,213,657,888,21473650.8
2025-07-27 12:47:39,123,456,78.9,256,567,213,657,888,21473650.8
2025-07-27 12:48:39,123,456,78.9,256,567,213,657,888,21473650.8
2025-07-27 12:49:39,123,456,78.9,256,567,213,657,888,21473650.8
2025-07-27 12:50:39,123,456,78.9,256,567,213,657,888,21473650.8
2025-07-27 12:51:40,123,456,78.9,256,567,213,657,888,21473650.8
2025-07-27 12:52:40,123,456,78.9,256,567,213,657,888,21473650.8
2025-07-27 12:53:40,123,456,78.9,256,567,213,657,888,21473650.8
2025-07-27 12:54:40,123,456,78.9,256,567,213,657,888,21473650.8
2025-07-27 12:55:40,123,456,78.9,256,567,213,657,888,21473650.8
2025-07-27 12:56:40,123,456,78.9,256,567,213,657,888,21473650.8
2025-07-27 12:57:40,123,456,78.9,256,567,213,657,888,21473650.8
2025-07-27 12:58:40,123,456,78.9,256,567,213,657,888,21473650.8
2025-07-27 12:59:41,123,456,78.9,256,567,213,657,888,21473650.8
2025-07-27 13:00:41,123,456,78.9,256,567,213,657,888,21473650.8
2025-07-27 13:01:41,123,456,78.9,256,567,213,657,888,21473650.8
2025-07-27 13:02:41,123,456,78.9,256,567,213,657,888,21473650.8
2025-07-27 13:03:41,123,456,78.9,256,567,213,657,888,21473650.8
2025-07-27 13:04:41,123,456,78.9,256,567,213,657,888,21473650.8
2025-07-27 13:05:18,123,456,78.9,256,567,213,657,888,21473650.8
2025-07-27 13:06:18,123,456,78.9,256,567,213,657,888,21473650.8
2025-07-27 13:07:19,123,456,78.9,256,567,213,657,888,21473650.8
2025-07-27 13:08:19,123,456,78.9,256,567,213,657,888,21473650.8
2025-07-27 13:09:19,123,456,78.9,256,567,213,657,888,21473650.8
2025-07-27 13:10:19,123,456,78.9,256,567,213,657,888,21473650.8
2025-07-27 13:11:19,123,456,78.9,256,567,213,657,888,21473650.8
2025-07-27 13:12:19,123,456,78.9,256,567,213,657,888,21473650.8
2025-07-27 13:13:19,123,456,78.9,256,567,213,657,888,21473650.8
2025-07-27 13:14:19,123,456,78.9,256,567,213,657,888,21473650.8
2025-07-27 13:15:20,123,456,78.9,256,567,213,657,888,21473650.8
2025-07-27 13:16:20,123,456,78.9,256,567,213,657,888,21473650.8
2025-07-27 13:17:20,123,456,78.9,256,567,213,657,888,21473650.8
2025-07-27 13:18:20,123,456,78.9,256,567,213,657,888,21473650.8
2025-07-27 13:19:20,123,456,78.9,256,567,213,657,888,21473650.8
2025-07-27 13:20:20,123,456,78.9,256,567,213,657,888,21473650.8
2025-07-27 13:21:20,123,456,78.9,256,567,213,657,888,21473650.8
2025-07-27 13:22:20,123,456,78.9,256,567,213,657,888,21473650.8
2025-07-27 13:23:20,123,456,78.9,256,567,213,657,888,21473650.8
2025-07-27 13:24:20,123,456,78.9,256,567,213,657,888,21473650.8
2025-07-27 13:25:21,123,456,78.9,256,567,213,657,888,21473650.8
2025-07-27 13:26:21,123,456,78.9,256,567,213,657,888,21473650.8
2025-07-27 13:27:21,123,456,78.9,256,567,213,657,888,21473650.8
2025-07-27 13:28:21,123,456,78.9,256,567,213,657,888,21473650.8
2025-07-27 13:29:21,123,456,78.9,256,567,213,657,888,21473650.8
2025-07-27 13:30:21,123,456,78.9,256,567,213,657,888,21473650.8
2025-07-27 13:31:21,123,456,78.9,256,567,213,657,888,21473650.8
2025-07-27 13:32:21,123,456,78.9,256,567,213,657,888,21473650.8
2025-07-27 13:33:21,123,456,78.9,256,567,213,657,888,21473650.8
2025-07-27 13:34:22,123,456,78.9,256,567,213,657,888,21473650.8
2025-07-27 13:35:22,123,456,78.9,256,567,213,657,888,21473650.8
2025-07-27 13:36:22,123,456,78.9,256,567,213,657,888,21473650.8
2025-07-27 13:37:22,123,456,78.9,256,567,213,657,888,21473650.8
2025-07-27 13:38:22,123,456,78.9,256,567,213,657,888,21473650.8
2025-07-27 13:39:22,123,456,78.9,256,567,213,657,888,21473650.8
2025-07-27 13:40:22,123,456,78.9,256,567,213,657,888,21473650.8
2025-07-27 13:41:22,123,456,78.9,256,567,213,657,888,21473650.8
2025-07-27 13:42:22,123,456,78.9,256,567,213,657,888,21473650.8
2025-07-27 13:43:22,123,456,78.9,256,567,213,657,888,21473650.8
2025-07-27 13:44:23,123,456,78.9,256,567,213,657,888,21473650.8
2025-07-27 13:45:23,123,456,78.9,256,567,213,657,888,21473650.8
2025-07-27 13:46:23,123,456,78.9,256,567,213,657,888,21473650.8
2025-07-27 13:47:23,123,456,78.9,256,567,213,657,888,21473650.8
2025-07-27 13:48:23,123,456,78.9,256,567,213,657,888,21473650.8
2025-07-27 13:49:23,123,456,78.9,256,567,213,657,888,21473650.8
2025-07-27 13:50:23,123,456,78.9,256,567,213,657,888,21473650.8
2025-07-27 13:51:23,123,456,78.9,256,567,213,657,888,21473650.8
2025-07-27 13:52:23,123,456,78.9,256,567,213,657,888,21473650.8
2025-07-27 13:53:24,123,456,78.9,256,567,213,657,888,21473650.8
2025-07-27 13:53:51,123,456,78.9,256,567,213,657,888,21473650.8
2025-07-27 13:54:51,123,456,78.9,256,567,213,657,888,21473650.8
2025-07-27 13:55:51,123,456,78.9,256,567,213,657,888,21473650.8
2025-07-27 13:56:51,123,456,78.9,256,567,213,657,888,21473650.8
2025-07-27 13:57:51,123,456,78.9,256,567,213,657,888,21473650.8
2025-07-27 13:58:51,123,456,78.9,256,567,213,657,888,21473650.8
2025-07-27 13:59:51,123,456,78.9,256,567,213,657,888,21473650.8
2025-07-27 14:00:51,123,456,78.9,256,567,213,657,888,21473650.8
2025-07-27 14:01:52,123,456,78.9,256,567,213,657,888,21473650.8
2025-07-27 14:02:52,123,456,78.9,256,567,213,657,888,21473650.8
2025-07-27 14:03:52,123,456,78.9,256,567,213,657,888,21473650.8
2025-07-27 14:04:52,123,456,78.9,256,567,213,657,888,21473650.8
2025-07-27 14:05:52,123,456,78.9,256,567,213,657,888,21473650.8
2025-07-27 14:06:52,123,456,78.9,256,567,213,657,888,21473650.8
2025-07-27 14:07:52,123,456,78.9,256,567,213,657,888,21473650.8
2025-07-27 14:08:52,123,456,78.9,256,567,213,657,888,21473650.8
2025-07-27 14:09:53,123,456,78.9,256,567,213,657,888,21473650.8
2025-07-27 14:10:53,123,456,78.9,256,567,213,657,888,21473650.8
2025-07-27 14:11:53,123,456,78.9,256,567,213,657,888,21473650.8
2025-07-27 14:12:53,123,456,78.9,256,567,213,657,888,21473650.8
2025-07-27 14:13:53,123,456,78.9,256,567,213,657,888,21473650.8
2025-07-27 14:14:53,123,456,78.9,256,567,213,657,888,21473650.8
2025-07-27 14:15:53,123,456,78.9,256,567,213,657,888,21473650.8
2025-07-27 14:16:53,123,456,78.9,256,567,213,657,888,21473650.8
2025-07-27 14:17:53,123,456,78.9,256,567,213,657,888,21473650.8
2025-07-27 14:18:54,123,456,78.9,256,567,213,657,888,21473650.8
2025-07-27 14:19:54,123,456,78.9,256,567,213,657,888,21473650.8
2025-07-27 14:20:54,123,456,78.9,256,567,213,657,888,21473650.8
2025-07-27 14:21:54,123,456,78.9,256,567,213,657,888,21473650.8
2025-07-27 14:22:54,123,456,78.9,256,567,213,657,888,21473650.8
2025-07-27 14:23:54,123,456,78.9,256,567,213,657,888,21473650.8
2025-07-27 14:24:54,123,456,78.9,256,567,213,657,888,21473650.8
2025-07-27 14:25:55,123,456,78.9,256,567,213,657,888,21473650.8
2025-07-27 14:26:55,123,456,78.9,256,567,213,657,888,21473650.8
2025-07-27 14:27:00,123,456,78.9,256,567,213,657,888,21473650.8
2025-07-27 14:28:00,123,456,78.9,256,567,213,657,888,21473650.8
2025-07-27 14:29:00,123,456,78.9,256,567,213,657,888,21473650.8
2025-07-27 14:30:00,123,456,78.9,256,567,213,657,888,21473650.8
2025-07-27 14:31:00,123,456,78.9,256,567,213,657,888,21473650.8
2025-07-27 14:32:00,123,456,78.9,256,567,213,657,888,21473650.8
2025-07-27 14:33:00,123,456,78.9,256,567,213,657,888,21473650.8
2025-07-27 14:34:00,123,456,78.9,256,567,213,657,888,21473650.8
2025-07-27 14:35:00,123,456,78.9,256,567,213,657,888,21473650.8
2025-07-27 14:36:01,123,456,78.9,256,567,213,657,888,21473650.8
2025-07-27 14:37:01,123,456,78.9,256,567,213,657,888,21473650.8
2025-07-27 14:38:01,123,456,78.9,256,567,213,657,888,21473650.8
2025-07-27 14:38:16,123,456,78.9,256,567,213,657,888,21473650.8
2025-07-27 14:38:37,123,456,78.9,256,567,213,657,888,21473650.8
2025-07-27 14:39:00,123,456,78.9,256,567,213,657,888,21473650.8
2025-07-27 14:39:17,123,456,78.9,256,567,213,657,888,21473650.8
2025-07-27 14:39:38,123,456,78.9,256,567,213,657,888,21473650.8
2025-07-27 14:39:46,123,456,78.9,256,567,213,657,888,21473650.8
2025-07-27 14:40:11,123,456,78.9,256,567,213,657,888,21473650.8
2025-07-27 14:40:15,123,456,78.9,256,567,213,657,888,21473650.8
2025-07-27 14:41:15,123,456,78.9,256,567,213,657,888,21473650.8
2025-07-27 14:42:15,123,456,78.9,256,567,213,657,888,21473650.8
2025-07-27 14:43:15,123,456,78.9,256,567,213,657,888,21473650.8
2025-07-27 14:44:15,123,456,78.9,256,567,213,657,888,21473650.8
2025-07-27 14:45:15,123,456,78.9,256,567,213,657,888,21473650.8
2025-07-27 14:46:15,123,456,78.9,256,567,213,657,888,21473650.8
2025-07-27 14:47:15,123,456,78.9,256,567,213,657,888,21473650.8
2025-07-27 14:48:16,123,456,78.9,256,567,213,657,888,21473650.8
2025-07-27 14:49:16,123,456,78.9,256,567,213,657,888,21473650.8
2025-07-27 14:50:16,123,456,78.9,256,567,213,657,888,21473650.8
2025-07-27 14:51:16,123,456,78.9,256,567,213,657,888,21473650.8
2025-07-27 14:52:16,123,456,78.9,256,567,213,657,888,21473650.8
2025-07-27 14:53:16,123,456,78.9,256,567,213,657,888,21473650.8
2025-07-27 14:54:16,123,456,78.9,256,567,213,657,888,21473650.8
2025-07-27 14:55:17,123,456,78.9,256,567,213,657,888,21473650.8
2025-07-27 14:56:17,123,456,78.9,256,567,213,657,888,21473650.8
2025-07-27 14:57:17,123,456,78.9,256,567,213,657,888,21473650.8
2025-07-27 14:58:17,123,456,78.9,256,567,213,657,888,21473650.8
2025-07-27 14:59:17,123,456,78.9,256,567,213,657,888,21473650.8
2025-07-27 15:00:17,123,456,78.9,256,567,213,657,888,21473650.8
2025-07-27 15:01:17,123,456,78.9,256,567,213,657,888,21473650.8
2025-07-27 15:02:18,123,456,78.9,256,567,213,657,888,21473650.8
2025-07-27 15:03:18,123,456,78.9,256,567,213,657,888,21473650.8
2025-07-27 15:04:18,123,456,78.9,256,567,213,657,888,21473650.8
2025-07-27 15:05:18,123,456,78.9,256,567,213,657,888,21473650.8
2025-07-27 15:06:18,123,456,78.9,256,567,213,657,888,21473650.8
2025-07-27 15:07:18,123,456,78.9,256,567,213,657,888,21473650.8
2025-07-27 15:08:18,123,456,78.9,256,567,213,657,888,21473650.8
2025-07-27 15:09:19,123,456,78.9,256,567,213,657,888,21473650.8
2025-07-27 15:10:19,123,456,78.9,256,567,213,657,888,21473650.8
2025-07-27 15:11:19,123,456,78.9,256,567,213,657,888,21473650.8
2025-07-27 15:12:19,123,456,78.9,256,567,213,657,888,21473650.8
2025-07-27 15:13:19,123,456,78.9,256,567,213,657,888,21473650.8
2025-07-27 15:14:19,123,456,78.9,256,567,213,657,888,21473650.8
2025-07-27 15:15:19,123,456,78.9,256,567,213,657,888,21473650.8
2025-07-27 15:16:19,123,456,78.9,256,567,213,657,888,21473650.8
2025-07-27 15:17:19,123,456,78.9,256,567,213,657,888,21473650.8
2025-07-27 15:18:20,123,456,78.9,256,567,213,657,888,21473650.8
2025-07-27 15:19:20,123,456,78.9,256,567,213,657,888,21473650.8
2025-07-27 15:20:20,123,456,78.9,256,567,213,657,888,21473650.8
2025-07-27 15:21:20,123,456,78.9,256,567,213,657,888,21473650.8
2025-07-27 15:22:20,123,456,78.9,256,567,213,657,888,21473650.8
2025-07-27 15:23:20,123,456,78.9,256,567,213,657,888,21473650.8
2025-07-27 15:24:20,123,456,78.9,256,567,213,657,888,21473650.8
2025-07-27 15:25:21,123,456,78.9,256,567,213,657,888,21473650.8
2025-07-27 15:26:21,123,456,78.9,256,567,213,657,888,21473650.8
2025-07-27 15:27:21,123,456,78.9,256,567,213,657,888,21473650.8
2025-07-27 15:28:21,123,456,78.9,256,567,213,657,888,21473650.8
2025-07-27 15:29:21,123,456,78.9,256,567,213,657,888,21473650.8
2025-07-27 15:30:21,123,456,78.9,256,567,213,657,888,21473650.8
2025-07-27 15:31:21,123,456,78.9,256,567,213,657,888,21473650.8
2025-07-27 15:32:21,123,456,78.9,256,567,213,657,888,21473650.8
2025-07-27 15:33:22,123,456,78.9,256,567,213,657,888,21473650.8
2025-07-27 15:34:22,123,456,78.9,256,567,213,657,888,21473650.8
2025-07-27 15:35:22,123,456,78.9,256,567,213,657,888,21473650.8
2025-07-27 15:36:22,123,456,78.9,256,567,213,657,888,21473650.8
2025-07-27 15:37:22,123,456,78.9,256,567,213,657,888,21473650.8
2025-07-27 15:38:22,123,456,78.9,256,567,213,657,888,21473650.8
2025-07-27 15:39:22,123,456,78.9,256,567,213,657,888,21473650.8
2025-07-27 15:40:22,123,456,78.9,256,567,213,657,888,21473650.8
2025-07-27 15:41:23,123,456,78.9,256,567,213,657,888,21473650.8
2025-07-27 15:42:23,123,456,78.9,256,567,213,657,888,21473650.8
2025-07-27 15:43:23,123,456,78.9,256,567,213,657,888,21473650.8
2025-07-27 15:44:23,123,456,78.9,256,567,213,657,888,21473650.8
2025-07-27 15:45:23,123,456,78.9,256,567,213,657,888,21473650.8
2025-07-27 15:46:23,123,456,78.9,256,567,213,657,888,21473650.8
2025-07-27 15:47:23,123,456,78.9,256,567,213,657,888,21473650.8
2025-07-27 15:48:24,123,456,78.9,256,567,213,657,888,21473650.8
2025-07-27 15:49:24,123,456,78.9,256,567,213,657,888,21473650.8
2025-07-27 15:50:24,123,456,78.9,256,567,213,657,888,21473650.8
2025-07-27 15:51:24,123,456,78.9,256,567,213,657,888,21473650.8
2025-07-27 15:52:24,123,456,78.9,256,567,213,657,888,21473650.8
2025-07-27 15:53:24,123,456,78.9,256,567,213,657,888,21473650.8
2025-07-27 15:54:24,123,456,78.9,256,567,213,657,888,21473650.8
2025-07-27 15:55:24,123,456,78.9,256,567,213,657,888,21473650.8
2025-07-27 15:56:25,123,456,78.9,256,567,213,657,888,21473650.8
2025-07-27 15:57:25,123,456,78.9,256,567,213,657,888,21473650.8
2025-07-27 15:58:25,123,456,78.9,256,567,213,657,888,21473650.8
2025-07-27 15:59:25,123,456,78.9,256,567,213,657,888,21473650.8
2025-07-27 16:00:25,123,456,78.9,256,567,213,657,888,21473650.8
2025-07-27 16:01:25,123,456,78.9,256,567,213,657,888,21473650.8
2025-07-27 16:02:25,123,456,78.9,256,567,213,657,888,21473650.8
2025-07-27 16:03:25,123,456,78.9,256,567,213,657,888,21473650.8
2025-07-27 16:04:25,123,456,78.9,256,567,213,657,888,21473650.8
2025-07-27 16:05:26,123,456,78.9,256,567,213,657,888,21473650.8
2025-07-27 16:06:26,123,456,78.9,256,567,213,657,888,21473650.8
2025-07-27 16:07:26,123,456,78.9,256,567,213,657,888,21473650.8
2025-07-27 16:08:26,123,456,78.9,256,567,213,657,888,21473650.8
2025-07-27 16:09:26,123,456,78.9,256,567,213,657,888,21473650.8
2025-07-27 16:10:26,123,456,78.9,256,567,213,657,888,21473650.8
2025-07-27 16:11:26,123,456,78.9,256,567,213,657,888,21473650.8
2025-07-27 16:12:27,123,456,78.9,256,567,213,657,888,21473650.8
2025-07-27 16:13:27,123,456,78.9,256,567,213,657,888,21473650.8
2025-07-29 08:27:06,0,0,0,0,0,0,0,0,0.0
2025-07-29 08:28:08,0,0,0,0,0,0,0,0,0.0
2025-07-29 08:29:08,0,0,0,0,0,0,0,0,0.0
2025-07-31 11:02:02,456,0,0.0,0,789,123,0,0,0.0
2025-07-31 11:03:02,456,0,0.0,0,789,123,0,0,0.0
2025-07-31 11:04:02,456,0,0.0,0,789,123,0,0,0.0
2025-07-31 11:05:02,456,0,0.0,0,789,123,0,0,0.0
2025-07-31 11:06:03,456,0,0.0,0,789,123,0,0,0.0
2025-07-31 11:07:03,456,0,0.0,0,789,123,0,0,0.0
2025-07-31 11:08:03,456,0,0.0,0,789,123,0,0,0.0
2025-07-31 11:09:04,456,0,0.0,0,789,123,0,0,0.0
2025-07-31 11:10:04,456,0,0.0,0,789,123,0,0,0.0
2025-07-31 11:11:04,456,0,0.0,0,789,123,0,0,0.0
2025-07-31 11:12:04,456,0,0.0,0,789,123,0,0,0.0
2025-07-31 11:13:05,456,123,78.9,256,789,123,556,779,18172526.4
2025-07-31 11:14:05,456,123,78.9,256,789,123,556,779,18172526.4
2025-07-31 11:15:05,456,123,78.9,256,789,123,556,779,18172526.4
2025-07-31 11:16:05,456,123,78.9,256,789,123,556,779,18172526.4
2025-07-31 11:17:06,456,123,78.9,256,789,123,556,779,18172526.4
2025-07-31 11:18:06,456,123,78.9,256,789,123,556,779,18172526.4
2025-07-31 11:19:06,456,123,78.9,256,789,123,556,779,18172526.4
2025-07-31 11:20:07,456,123,78.9,256,789,123,556,779,18172526.4
2025-08-05 11:15:12,123,456,78.9,255,0,0,0,0,0.0
2025-08-05 11:16:12,123,456,78.9,255,0,0,0,0,0.0
2025-08-05 11:17:12,123,456,78.9,255,0,0,0,0,0.0
2025-08-05 11:18:12,123,456,78.9,255,0,0,0,0,0.0
2025-08-05 11:19:12,123,456,78.9,255,777,0.0,0.0,0,0.0
2025-08-05 11:20:13,123,456,78.9,255,777,0,66.6,999,2176781.04
2025-08-05 11:21:13,123,456,78.9,255,777,0,66.6,999,2176781.04
2025-08-05 11:22:13,123,456,78.9,255,777,0,66.6,999,2176781.04
2025-08-05 11:23:13,123,456,78.9,255,777,0,66.6,999,2176781.04
2025-08-05 11:24:14,123,456,78.9,255,777,0,66.6,999,2176781.04
2025-08-05 11:25:14,123,456,78.9,255,777,0,66.6,999,2176781.04
2025-08-05 11:26:15,123,456,78.9,255,777,0,66.6,999,2176781.04
2025-08-05 11:27:15,123,456,78.9,255,777,0,66.6,999,2176781.04
2025-08-05 11:28:16,123,456,78.9,255,777,0,66.6,999,2176781.04
2025-08-05 11:29:16,123,456,78.9,255,777,0,66.6,999,2176781.04
2025-08-05 11:30:16,123,456,78.9,255,777,12.3,66.6,999,2176781.04
2025-08-05 11:31:17,123,456,78.9,255,777,0,66.6,999,2176781.04
2025-08-05 11:32:17,123,456,78.9,255,777,12.3,66.6,999,2176781.04
2025-08-05 11:33:18,123,456,78.9,255,777,12.3,66.6,999,2176781.04
2025-08-05 11:34:19,123,456,78.9,255,777,12.3,66.6,999,2176781.04
2025-08-05 11:35:20,123,456,78.9,255,777,12.3,66.6,999,2176781.04
2025-08-05 11:36:21,123,456,78.9,255,777,12.3,66.6,999,2176781.04
2025-08-05 11:37:22,123,456,78.9,255,777,12.3,66.6,999,2176781.04
2025-08-05 11:38:24,123,456,78.9,255,777,0,66.6,999,2176781.04
2025-08-05 11:39:26,123,456,78.9,255,777,0,66.6,999,2176781.04
2025-08-05 11:40:27,123,456,78.9,255,777,0,66.6,999,2176781.04
2025-08-05 11:41:29,123,456,78.9,255,777,0,66.6,999,2176781.04
2025-08-05 11:42:31,123,456,78.9,255,777,0,66.6,999,2176781.04
2025-08-05 11:43:33,123,456,78.9,255,777,0,66.6,999,2176781.04
2025-08-05 11:44:36,123,456,78.9,255,777,0,66.6,999,2176781.04
2025-08-05 11:45:38,123,456,78.9,255,777,0,66.6,999,2176781.04
2025-08-05 11:46:39,123,456,78.9,255,777,0,66.6,999,2176781.04
2025-08-05 16:15:37,16988.0,52429.0,1702.8,39322.0,0,0,5242.9,17028.0,171361040.76
2025-08-05 16:16:37,16988.0,52429.0,1702.8,39322.0,0,0,5242.9,17028.0,171361040.76
2025-08-05 16:17:37,16988.0,52429.0,1702.8,39322.0,0,0,5242.9,17028.0,171361040.76
2025-08-05 16:17:50,16988.0,-13107.0,1702.8,-26214.0,0,0,-1310.7,17028.0,-42839443.08
2025-08-05 16:18:15,16988.0,-13107.0,1702.8,-26214.0,0,0,-1310.7,17028.0,-42839443.08
2025-08-05 16:19:15,16988.0,-13107.0,1702.8,-26214.0,0,0,-1310.7,17028.0,-42839443.08
2025-08-05 16:20:18,16988.0,-13107.0,1702.8,-26214.0,0,0,-1310.7,17028.0,-42839443.08
2025-08-05 16:21:18,16988.0,-13107.0,1702.8,-26214.0,0,0,-1310.7,17028.0,-42839443.08
2025-08-05 16:22:18,16988.0,-13107.0,1702.8,-26214.0,0,0,-1310.7,17028.0,-42839443.08
2025-08-05 16:23:20,16988.0,-13107.0,1702.8,-26214.0,0,0,-1310.7,17028.0,-42839443.08
2025-08-05 16:24:20,0,0,0,0,0,0,0,0,0.0
2025-08-05 16:25:20,0,0,0,0,0,0,0,0,0.0
2025-08-05 16:26:20,0,0,0,0,0,0,0,0,0.0
2025-08-05 16:27:23,0,0,0,0,0,0,0,0,0.0
2025-08-05 16:28:27,0,0,0,0,0,0,0,0,0.0
2025-08-05 16:29:31,0,0,0,0,0,0,0,0,0.0
2025-08-05 16:30:33,0,0,0,0,0,0,-0.0,-0.0,-0.0
2025-08-05 16:31:33,0,0,0,0,0,0,-0.0,-0.0,-0.0
2025-08-05 16:32:33,0,-0.0,-0.0,0.0,0,0,-0.0,-0.0,-0.0
2025-08-05 16:33:33,0,-0.0,-0.0,0.0,0,0,-0.0,-0.0,-0.0
2025-08-05 16:34:09,0,-0.0,-0.0,0.0,0,0,-0.0,-0.0,-0.0
2025-08-05 16:35:08,0,-0.0,-0.0,0.0,0,0,-0.0,-0.0,-0.0
2025-08-05 16:36:08,-428574784.0,-0.0,-0.0,0.0
2025-08-05 16:37:08,-428574784.0,-0.0,-0.0,0.0
2025-08-05 16:38:08,-428574784.0,-0.0,-0.0,0.0
2025-08-05 16:38:37,-428574784.0,-0.0,-0.0,0.0
2025-08-05 16:39:37,-428574784.0,-0.0,-0.0,0.0
2025-08-05 16:40:37,-428574784.0,-0.0,-0.0,0.0
2025-08-05 16:41:25,-428574784.0,-0.0,-0.0,0.0
2025-08-05 16:42:25,2.193296861555589e+17,-0.0,-0.0,-0.0
2025-08-05 16:43:26,2.193296861555589e+17,-0.0,-0.0,-0.0
2025-08-05 16:46:14,2.193296861555589e+17,-0.0,-0.0,-0.0
2025-08-05 16:47:14,55.2,66.3,22.22,88.5
2025-08-05 16:47:56,55.2,66.3,22.22,88.5
2025-08-05 16:48:56,55.2,66.3,22.22,88.5
2025-08-05 16:49:56,55.2,66.3,22.22,88.5
2025-08-05 16:50:56,55.2,66.3,22.22,88.5
2025-08-05 16:51:41,55.2,66.3,22.22,88.5
2025-08-05 16:52:42,55.2,66.3,22.22,88.5
2025-08-05 16:54:30,55.2,66.3,22.22,88.5
2025-08-05 16:55:17,-428574784.0,-0.0,-0.0,0.0
2025-08-05 16:56:17,-428574784.0,-0.0,-0.0,0.0
2025-08-05 16:56:32,-428574784.0,-0.0,-0.0,0.0
2025-08-05 16:57:32,55.2,66.3,22.22,88.5
2025-08-05 16:58:32,55.2,66.3,22.22,88.5
2025-08-05 16:59:32,55.2,66.3,22.22,88.5
2025-08-05 17:00:32,55.2,66.3,22.22,88.5
2025-08-05 17:01:32,55.2,66.3,22.22,88.5
2025-08-05 17:02:33,55.2,66.3,22.22,88.5
2025-08-05 17:03:33,55.2,66.3,22.22,88.5
2025-08-05 17:04:33,55.2,66.3,22.22,88.5
2025-08-05 17:05:33,55.2,66.3,22.22,88.5,0,55.2,66.3,22.22,2166975.72
2025-08-06 08:19:49,0,0,0,0,0,0,0,0,0.0
2025-08-06 08:20:50,123.23,456.56,789.99,255.55,0,0,0,0,0.0
2025-08-06 08:21:50,123.23,456.56,789.99,255.55,556.38,0,0,0,0.0
2025-08-06 08:22:50,123.23,456.56,789.99,255.55,556.38,255.33,779.46,99.55,25476182.42
2025-08-06 08:23:50,0,0,0,0,0,0,0,0,0.0
2025-08-06 08:24:53,0,0,0,0,0,0,0,0,0.0
2025-08-06 08:25:53,0,0,0,0,0,0,0,0,0.0
2025-08-06 08:26:53,0,0,0,0,0,0,0,0,0.0
2025-08-06 08:27:34,0,0,0,0,0,0,0,0,0.0
2025-08-06 08:28:13,0,0,0,0,0,0,0,0,0.0
2025-08-06 08:28:20,0,0,0,0,0,0,0,0,0.0
2025-08-06 08:28:29,17142,17380,17477,17279,17419,17279,17474,17095,571127205.6
2025-08-06 08:28:42,17142,17380,17477,17279,17419,17279,17474,17095,571127205.6
2025-08-06 08:30:03,17142,17380,17477,17279,17419,17279,17474,17095,571127205.6
2025-08-06 08:30:18,17142,17380,17477,17279,17419,17279,17474,17095,571127205.6
2025-08-06 08:31:18,17142,17380,17477,17279,17419,17279,17474,17095,571127205.6
2025-08-06 08:32:19,17142,17380,17477,17279,17419,17279,17474,17095,571127205.6
2025-08-06 08:33:19,17142,17380,17477,17279,17419,17279,17474,17095,571127205.6
2025-08-06 08:36:34,17142,17380,17477,17279,17419,17279,17474,17095,571127205.6
2025-08-06 08:38:01,17142,17380,17477,17279,17419,17279,17474,17095,571127205.6
2025-08-06 08:38:35,0,0,0,0,0,0,0,0,0.0
2025-08-06 08:38:35,0,0,0,0,0,0,0,0,0.0
2025-08-06 08:39:20,123.23,456.56,789.99,255.55,556.38,255.33,779.46,99.55,25476182.42
2025-08-06 08:39:23,123.23,456.56,789.99,255.55,556.38,255.33,779.46,99.55,25476182.42
2025-08-06 08:39:32,123.23,456.56,789.99,255.55,556.38,255.33,779.46,99.55,25476182.42
2025-08-06 08:39:34,123.23,456.56,789.99,255.55,556.38,255.33,779.46,99.55,25476182.42
2025-08-06 08:40:32,123.23,456.56,789.99,255.55,556.38,255.33,779.46,99.55,25476182.42
2025-08-06 08:40:35,17142.0,17380.0,1747.7,17279.0,15.7,125.3,18.2,245.8,17142.0,594856.08
2025-08-06 08:41:32,123.23,456.56,789.99,255.55,556.38,255.33,779.46,99.55,25476182.42
2025-08-06 08:41:35,17142.0,17380.0,1747.7,17279.0,15.7,125.3,18.2,245.8,17142.0,594856.08
2025-08-06 08:42:33,123.23,456.56,789.99,255.55,556.38,255.33,779.46,99.55,25476182.42
2025-08-06 08:42:36,17142.0,17380.0,1747.7,17279.0,15.7,125.3,18.2,245.8,17142.0,594856.08
2025-08-06 08:43:33,123.23,456.56,789.99,255.55,556.38,255.33,779.46,99.55,25476182.42
2025-08-06 08:43:39,17142.0,17380.0,1747.7,17279.0,15.7,125.3,18.2,245.8,17142.0,594856.08
2025-08-06 08:44:33,123.23,456.56,789.99,255.55,556.38,255.33,779.46,99.55,25476182.42
2025-08-06 08:44:40,17142.0,17380.0,1747.7,17279.0,15.7,125.3,18.2,245.8,17142.0,594856.08
2025-08-06 08:45:34,123.23,456.56,789.99,255.55,556.38,255.33,779.46,99.55,25476182.42
2025-08-06 08:45:41,123.23,456.56,789.99,255.55,15.7,125.3,18.2,245.8,594856.08
2025-08-06 08:46:34,123.23,456.56,789.99,255.55,556.38,255.33,779.46,99.55,25476182.42
2025-08-06 08:46:42,123.23,456.56,789.99,255.55,15.7,125.3,18.2,245.8,594856.08
2025-08-06 08:47:34,123.23,456.56,789.99,255.55,556.38,255.33,779.46,99.55,25476182.42
2025-08-06 08:47:44,123.23,456.56,789.99,255.55,15.7,125.3,18.2,245.8,594856.08
2025-08-06 08:48:34,123.23,456.56,789.99,255.55,556.38,255.33,779.46,99.55,25476182.42
2025-08-06 08:48:47,123.23,456.56,789.99,255.55,15.7,125.3,18.2,245.8,594856.08
2025-08-06 08:49:35,123.23,456.56,789.99,255.55,556.38,255.33,779.46,99.55,25476182.42
2025-08-06 08:49:50,123.23,456.56,789.99,255.55,15.7,125.3,18.2,245.8,594856.08
2025-08-06 08:50:35,123.23,456.56,789.99,255.55,556.38,255.33,779.46,99.55,25476182.42
2025-08-06 08:50:52,123.23,456.56,789.99,255.55,15.7,125.3,18.2,245.8,594856.08
2025-08-06 08:51:35,123.23,456.56,789.99,255.55,556.38,255.33,779.46,99.55,25476182.42
2025-08-06 08:51:55,123.23,456.56,789.99,255.55,15.7,125.3,18.2,245.8,594856.08
2025-08-06 08:52:37,123.23,456.56,789.99,255.55,15.7,125.3,18.2,245.8,594856.08
2025-08-06 08:52:40,123.23,456.56,789.99,255.55,15.7,125.3,18.2,245.8,594856.08
2025-08-06 08:52:48,123.23,456.56,789.99,255.55,15.7,125.3,18.2,245.8,594856.08
2025-08-06 08:52:51,123.23,456.56,789.99,255.55,15.7,125.3,18.2,245.8,594856.08
2025-08-06 08:53:25,123.23,456.56,789.99,255.55,15.7,125.3,18.2,245.8,594856.08
2025-08-06 08:53:27,123.23,456.56,789.99,255.55,15.7,125.3,18.2,245.8,594856.08
2025-08-06 08:54:25,123.23,456.56,789.99,255.55,15.7,125.3,18.2,245.8,594856.08
2025-08-06 08:54:30,123.23,456.56,789.99,255.55,15.7,125.3,18.2,245.8,594856.08
2025-08-06 08:55:25,123.23,456.56,789.99,255.55,15.7,125.3,18.2,245.8,594856.08
2025-08-06 08:55:33,123.23,456.56,789.99,255.55,15.7,125.3,18.2,245.8,594856.08
2025-08-06 08:56:25,123.23,456.56,789.99,255.55,15.7,125.3,18.2,245.8,594856.08
2025-08-06 08:56:36,123.23,456.56,789.99,255.55,15.7,125.3,18.2,245.8,594856.08
2025-08-06 08:57:26,123.23,456.56,789.99,255.55,15.7,125.3,18.2,245.8,594856.08
2025-08-06 08:57:38,123.23,456.56,789.99,255.55,15.7,125.3,18.2,245.8,594856.08
2025-08-06 08:58:26,123.23,456.56,789.99,255.55,15.7,125.3,18.2,245.8,594856.08
2025-08-06 08:58:41,123.23,456.56,789.99,255.55,15.7,125.3,18.2,245.8,594856.08
2025-08-06 08:59:26,123.23,456.56,789.99,255.55,15.7,125.3,18.2,245.8,594856.08
2025-08-06 08:59:44,123.23,456.56,789.99,255.55,15.7,125.3,18.2,245.8,594856.08
2025-08-06 09:00:26,123.23,456.56,789.99,255.55,15.7,125.3,18.2,245.8,594856.08
2025-08-06 09:00:47,123.23,456.56,789.99,255.55,15.7,125.3,18.2,245.8,594856.08
2025-08-06 09:01:26,123.23,456.56,789.99,255.55,15.7,125.3,18.2,245.8,594856.08
2025-08-06 09:01:50,123.23,456.56,789.99,255.55,15.7,125.3,18.2,245.8,594856.08
2025-08-06 09:02:26,123.23,456.56,789.99,255.55,15.7,125.3,18.2,245.8,594856.08
2025-08-06 09:02:52,123.23,456.56,789.99,255.55,15.7,125.3,18.2,245.8,594856.08
2025-08-06 09:03:27,123.23,456.56,789.99,255.55,15.7,125.3,18.2,245.8,594856.08
2025-08-06 09:03:56,123.23,456.56,789.99,255.55,15.7,125.3,18.2,245.8,594856.08
2025-08-06 09:04:27,123.23,456.56,789.99,255.55,15.7,125.3,18.2,245.8,594856.08
2025-08-06 09:05:00,123.23,456.56,789.99,255.55,15.7,125.3,18.2,245.8,594856.08
2025-08-06 09:05:26,123.23,456.56,789.99,255.55,556.38,255.33,779.46,99.55,25476182.42
2025-08-06 09:05:30,123.23,456.56,789.99,255.55,556.38,255.33,779.46,99.55,25476182.42
2025-08-06 09:05:41,123.23,456.56,789.99,255.55,556.38,255.33,779.46,99.55,25476182.42
2025-08-06 09:05:45,123.23,456.56,789.99,255.55,556.38,255.33,779.46,99.55,25476182.42
2025-08-06 09:05:53,123.23,456.56,789.99,255.55,556.38,255.33,779.46,99.55,25476182.42
2025-08-06 09:05:57,123.23,456.56,789.99,255.55,556.38,255.33,779.46,99.55,25476182.42
2025-08-06 09:06:54,123.23,456.56,789.99,255.55,556.38,255.33,779.46,99.55,25476182.42
2025-08-06 09:07:01,123.23,456.56,789.99,255.55,556.38,255.33,779.46,99.55,25476182.42
2025-08-06 09:07:54,123.23,456.56,789.99,255.55,556.38,255.33,779.46,99.55,25476182.42
2025-08-06 09:08:04,123.23,456.56,789.99,255.55,556.38,255.33,779.46,99.55,25476182.42
2025-08-06 09:08:54,123.23,456.56,789.99,255.55,556.38,255.33,779.46,99.55,25476182.42
2025-08-06 09:09:08,123.23,456.56,789.99,255.55,556.38,255.33,779.46,99.55,25476182.42
2025-08-06 09:09:54,123.23,456.56,789.99,255.55,556.38,255.33,779.46,99.55,25476182.42
2025-08-06 09:10:13,123.23,456.56,789.99,255.55,556.38,255.33,779.46,99.55,25476182.42
2025-08-06 09:10:55,123.23,456.56,789.99,255.55,556.38,255.33,779.46,99.55,25476182.42
2025-08-06 09:11:17,123.23,456.56,789.99,255.55,556.38,255.33,779.46,99.55,25476182.42
2025-08-06 09:11:55,123.23,456.56,789.99,255.55,556.38,255.33,779.46,99.55,25476182.42
2025-08-06 09:12:22,123.23,456.56,789.99,255.55,556.38,255.33,779.46,99.55,25476182.42
2025-08-06 09:12:56,123.23,456.56,789.99,255.55,556.38,255.33,779.46,99.55,25476182.42
2025-08-06 09:13:25,123.23,456.56,789.99,255.55,556.38,255.33,779.46,99.55,25476182.42
2025-08-06 09:13:56,123.23,456.56,789.99,255.55,556.38,255.33,779.46,99.55,25476182.42
2025-08-06 09:14:29,123.23,456.56,789.99,255.55,556.38,255.33,779.46,99.55,25476182.42
2025-08-06 09:14:56,123.23,456.56,789.99,255.55,556.38,255.33,779.46,99.55,25476182.42
2025-08-06 09:15:33,123.23,456.56,789.99,255.55,556.38,255.33,779.46,99.55,25476182.42
2025-08-06 09:15:56,123.23,456.56,789.99,255.55,556.38,255.33,779.46,99.55,25476182.42
2025-08-06 09:16:38,123.23,456.56,789.99,255.55,556.38,255.33,779.46,99.55,25476182.42
2025-08-06 09:16:57,123.23,456.56,789.99,255.55,556.38,255.33,779.46,99.55,25476182.42
2025-08-06 09:17:44,123.23,456.56,789.99,255.55,556.38,255.33,779.46,99.55,25476182.42
2025-08-06 09:17:57,123.23,456.56,789.99,255.55,556.38,255.33,779.46,99.55,25476182.42
2025-08-06 09:18:47,123.23,456.56,789.99,255.55,556.38,255.33,779.46,99.55,25476182.42
2025-08-06 09:18:57,123.23,456.56,789.99,255.55,556.38,255.33,779.46,99.55,25476182.42
2025-08-06 09:19:53,123.23,456.56,789.99,255.55,556.38,255.33,779.46,99.55,25476182.42
2025-08-06 09:19:57,123.23,456.56,789.99,255.55,556.38,255.33,779.46,99.55,25476182.42
2025-08-06 09:20:58,123.23,456.56,789.99,255.55,556.38,255.33,779.46,99.55,25476182.42
2025-08-06 09:20:59,123.23,456.56,789.99,255.55,556.38,255.33,779.46,99.55,25476182.42
2025-08-06 09:21:58,123.23,456.56,789.99,255.55,556.38,255.33,779.46,99.55,25476182.42
2025-08-06 09:22:05,123.23,456.56,789.99,255.55,556.38,255.33,779.46,99.55,25476182.42
2025-08-06 09:22:52,123.23,456.56,789.99,255.55,556.38,255.33,779.46,99.55,25476182.42
2025-08-06 09:23:00,123.23,456.56,789.99,255.55,556.38,255.33,779.46,99.55,25476182.42
2025-08-06 09:23:47,123.23,456.56,789.99,255.55,556.38,255.33,779.46,99.55,25476182.42
2025-08-06 09:23:52,123.23,456.56,789.99,255.55,556.38,255.33,779.46,99.55,25476182.42
2025-08-06 09:24:47,123.23,456.56,789.99,255.55,556.38,255.33,779.46,99.55,25476182.42
2025-08-06 09:24:58,123.23,456.56,789.99,255.55,556.38,255.33,779.46,99.55,25476182.42
2025-08-06 09:25:48,123.23,456.56,789.99,255.55,556.38,255.33,779.46,99.55,25476182.42
2025-08-06 09:26:04,123.23,456.56,789.99,255.55,556.38,255.33,779.46,99.55,25476182.42
2025-08-06 09:26:48,123.23,456.56,789.99,255.55,556.38,255.33,779.46,99.55,25476182.42
2025-08-06 09:27:11,123.23,456.56,789.99,255.55,556.38,255.33,779.46,99.55,25476182.42
2025-08-06 09:27:49,123.23,456.56,789.99,255.55,556.38,255.33,779.46,99.55,25476182.42
2025-08-06 09:28:17,123.23,456.56,789.99,255.55,556.38,255.33,779.46,99.55,25476182.42
2025-08-06 09:28:49,123.23,456.56,789.99,255.55,556.38,255.33,779.46,99.55,25476182.42
2025-08-06 09:29:23,123.23,456.56,789.99,255.55,556.38,255.33,779.46,99.55,25476182.42
2025-08-06 09:29:49,123.23,456.56,789.99,255.55,556.38,255.33,779.46,99.55,25476182.42
2025-08-06 09:30:31,123.23,456.56,789.99,255.55,556.38,255.33,779.46,99.55,25476182.42
2025-08-06 09:30:49,123.23,456.56,789.99,255.55,556.38,255.33,779.46,99.55,25476182.42
2025-08-06 09:31:39,123.23,456.56,789.99,255.55,556.38,255.33,779.46,99.55,25476182.42
2025-08-06 09:31:50,123.23,456.56,789.99,255.55,556.38,255.33,779.46,99.55,25476182.42
2025-08-06 09:32:48,123.23,456.56,789.99,255.55,556.38,255.33,779.46,99.55,25476182.42
2025-08-06 09:32:50,123.23,456.56,789.99,255.55,556.38,255.33,779.46,99.55,25476182.42
2025-08-06 09:33:51,123.23,456.56,789.99,255.55,556.38,255.33,779.46,99.55,25476182.42
2025-08-06 09:33:55,123.23,456.56,789.99,255.55,556.38,255.33,779.46,99.55,25476182.42
2025-08-06 09:34:51,123.23,456.56,789.99,255.55,556.38,255.33,779.46,99.55,25476182.42
2025-08-06 09:35:03,123.23,456.56,789.99,255.55,556.38,255.33,779.46,99.55,25476182.42
2025-08-06 09:35:51,123.23,456.56,789.99,255.55,556.38,255.33,779.46,99.55,25476182.42
2025-08-06 09:36:11,123.23,456.56,789.99,255.55,556.38,255.33,779.46,99.55,25476182.42
2025-08-06 09:36:52,123.23,456.56,789.99,255.55,556.38,255.33,779.46,99.55,25476182.42
2025-08-06 09:37:20,123.23,456.56,789.99,255.55,556.38,255.33,779.46,99.55,25476182.42
2025-08-06 09:37:52,123.23,456.56,789.99,255.55,556.38,255.33,779.46,99.55,25476182.42
2025-08-06 09:38:20,123.23,456.56,789.99,255.55,556.38,255.33,779.46,99.55,25476182.42
2025-08-06 09:38:52,123.23,456.56,789.99,255.55,556.38,255.33,779.46,99.55,25476182.42
2025-08-06 09:39:20,123.23,456.56,789.99,255.55,556.38,255.33,779.46,99.55,25476182.42
2025-08-06 09:39:52,123.23,456.56,789.99,255.55,556.38,255.33,779.46,99.55,25476182.42
2025-08-06 09:40:21,123.23,456.56,789.99,255.55,556.38,255.33,779.46,99.55,25476182.42
2025-08-06 09:40:53,123.23,456.56,789.99,255.55,556.38,255.33,779.46,99.55,25476182.42
2025-08-06 09:41:21,123.23,456.56,789.99,255.55,556.38,255.33,779.46,99.55,25476182.42
2025-08-06 09:41:53,123.23,456.56,789.99,255.55,556.38,255.33,779.46,99.55,25476182.42
2025-08-06 09:42:21,123.23,456.56,789.99,255.55,556.38,255.33,779.46,99.55,25476182.42
2025-08-06 09:42:53,123.23,456.56,789.99,255.55,556.38,255.33,779.46,99.55,25476182.42
2025-08-06 09:43:22,123.23,456.56,789.99,255.55,556.38,255.33,779.46,99.55,25476182.42
2025-08-06 09:43:53,123.23,456.56,789.99,255.55,556.38,255.33,779.46,99.55,25476182.42
2025-08-06 09:44:22,123.23,456.56,789.99,255.55,556.38,255.33,779.46,99.55,25476182.42
2025-08-06 09:44:54,123.23,456.56,789.99,255.55,556.38,255.33,779.46,99.55,25476182.42
2025-08-06 09:45:22,123.23,456.56,789.99,255.55,556.38,255.33,779.46,99.55,25476182.42
2025-08-06 09:45:54,123.23,456.56,789.99,255.55,556.38,255.33,779.46,99.55,25476182.42
2025-08-06 09:46:23,123.23,456.56,789.99,255.55,556.38,255.33,779.46,99.55,25476182.42
2025-08-06 09:46:54,123.23,456.56,789.99,255.55,556.38,255.33,779.46,99.55,25476182.42
2025-08-06 09:47:23,123.23,456.56,789.99,255.55,556.38,255.33,779.46,99.55,25476182.42
2025-08-06 09:47:54,123.23,456.56,789.99,255.55,556.38,255.33,779.46,99.55,25476182.42
2025-08-06 09:48:23,123.23,456.56,789.99,255.55,556.38,255.33,779.46,99.55,25476182.42
2025-08-06 09:48:41,123.23,456.56,789.99,255.55,556.38,255.33,779.46,99.55,25476182.42
2025-08-06 09:48:42,123.23,456.56,789.99,255.55,556.38,255.33,779.46,99.55,25476182.42
2025-08-06 09:49:41,123.23,456.56,789.99,255.55,556.38,255.33,779.46,99.55,25476182.42
2025-08-06 09:49:42,123.23,456.56,789.99,255.55,556.38,255.33,779.46,99.55,25476182.42
2025-08-06 09:50:42,123.23,456.56,789.99,255.55,556.38,255.33,779.46,99.55,25476182.42
2025-08-06 09:50:43,123.23,456.56,789.99,255.55,556.38,255.33,779.46,99.55,25476182.42
2025-08-06 09:51:42,123.23,456.56,789.99,255.55,556.38,255.33,779.46,99.55,25476182.42
2025-08-06 09:51:43,123.23,456.56,789.99,255.55,556.38,255.33,779.46,99.55,25476182.42
2025-08-06 09:52:42,123.23,456.56,789.99,255.55,556.38,255.33,779.46,99.55,25476182.42
2025-08-06 09:52:43,123.23,456.56,789.99,255.55,556.38,255.33,779.46,99.55,25476182.42
2025-08-06 09:53:42,123.23,456.56,789.99,255.55,556.38,255.33,779.46,99.55,25476182.42
2025-08-06 09:53:44,123.23,456.56,789.99,255.55,556.38,255.33,779.46,99.55,25476182.42
2025-08-06 09:54:43,123.23,456.56,789.99,255.55,556.38,255.33,779.46,99.55,25476182.42
2025-08-06 09:54:44,123.23,456.56,789.99,255.55,556.38,255.33,779.46,99.55,25476182.42
2025-08-06 09:55:43,123.23,456.56,789.99,255.55,556.38,255.33,779.46,99.55,25476182.42
2025-08-06 09:55:44,123.23,456.56,789.99,255.55,556.38,255.33,779.46,99.55,25476182.42
2025-08-06 09:56:43,123.23,456.56,789.99,255.55,556.38,255.33,779.46,99.55,25476182.42
2025-08-06 09:56:44,123.23,456.56,789.99,255.55,556.38,255.33,779.46,99.55,25476182.42
2025-08-06 09:57:44,123.23,456.56,789.99,255.55,556.38,255.33,779.46,99.55,25476182.42
2025-08-06 09:57:45,123.23,456.56,789.99,255.55,556.38,255.33,779.46,99.55,25476182.42
2025-08-06 09:58:44,123.23,456.56,789.99,255.55,556.38,255.33,779.46,99.55,25476182.42
2025-08-06 09:58:45,123.23,456.56,789.99,255.55,556.38,255.33,779.46,99.55,25476182.42
2025-08-06 09:59:44,123.23,456.56,789.99,255.55,556.38,255.33,779.46,99.55,25476182.42
2025-08-06 09:59:45,123.23,456.56,789.99,255.55,556.38,255.33,779.46,99.55,25476182.42
2025-08-06 10:00:44,123.23,456.56,789.99,255.55,556.38,255.33,779.46,99.55,25476182.42
2025-08-06 10:00:46,123.23,456.56,789.99,255.55,556.38,255.33,779.46,99.55,25476182.42
2025-08-06 10:01:45,123.23,456.56,789.99,255.55,556.38,255.33,779.46,99.55,25476182.42
2025-08-06 10:01:46,123.23,456.56,789.99,255.55,556.38,255.33,779.46,99.55,25476182.42
2025-08-06 10:02:27,123.23,456.56,789.99,255.55,556.38,255.33,779.46,99.55,25476182.42
2025-08-06 10:02:29,123.23,456.56,789.99,255.55,556.38,255.33,779.46,99.55,25476182.42
2025-08-06 10:03:29,123.23,456.56,789.99,255.55,556.38,255.33,779.46,99.55,25476182.42
2025-08-06 10:03:30,123.23,456.56,789.99,255.55,556.38,255.33,779.46,99.55,25476182.42
2025-08-06 10:04:30,123.23,456.56,789.99,255.55,556.38,255.33,779.46,99.55,25476182.42
2025-08-06 10:04:31,123.23,456.56,789.99,255.55,556.38,255.33,779.46,99.55,25476182.42
2025-08-06 10:05:30,123.23,456.56,789.99,255.55,556.38,255.33,779.46,99.55,25476182.42
2025-08-06 10:05:31,123.23,456.56,789.99,255.55,556.38,255.33,779.46,99.55,25476182.42
2025-08-06 10:06:30,123.23,456.56,789.99,255.55,556.38,255.33,779.46,99.55,25476182.42
2025-08-06 10:06:31,123.23,456.56,789.99,255.55,556.38,255.33,779.46,99.55,25476182.42
2025-08-06 10:07:30,123.23,456.56,789.99,255.55,556.38,255.33,779.46,99.55,25476182.42
2025-08-06 10:07:31,123.23,456.56,789.99,255.55,556.38,255.33,779.46,99.55,25476182.42
2025-08-06 10:08:31,123.23,456.56,789.99,255.55,556.38,255.33,779.46,99.55,25476182.42
2025-08-06 10:08:32,123.23,456.56,789.99,255.55,556.38,255.33,779.46,99.55,25476182.42
2025-08-06 10:09:31,123.23,456.56,789.99,255.55,556.38,255.33,779.46,99.55,25476182.42
2025-08-06 10:09:32,123.23,456.56,789.99,255.55,556.38,255.33,779.46,99.55,25476182.42
2025-08-06 10:10:31,123.23,456.56,789.99,255.55,556.38,255.33,779.46,99.55,25476182.42
2025-08-06 10:10:32,123.23,456.56,789.99,255.55,556.38,255.33,779.46,99.55,25476182.42
2025-08-06 10:11:31,123.23,456.56,789.99,255.55,556.38,255.33,779.46,99.55,25476182.42
2025-08-06 10:11:32,123.23,456.56,789.99,255.55,556.38,255.33,779.46,99.55,25476182.42
2025-08-06 10:12:27,123.23,456.56,789.99,255.55,556.38,255.33,779.46,99.55,25476182.42
2025-08-06 10:12:27,123.23,456.56,789.99,255.55,556.38,255.33,779.46,99.55,25476182.42
2025-08-06 10:12:30,123.23,456.56,789.99,255.55,556.38,255.33,779.46,99.55,25476182.42
2025-08-06 10:12:30,123.23,456.56,789.99,255.55,556.38,255.33,779.46,99.55,25476182.42
2025-08-06 10:13:30,123.23,456.56,789.99,255.55,556.38,255.33,779.46,99.55,25476182.42
2025-08-06 10:13:31,123.23,456.56,789.99,255.55,556.38,255.33,779.46,99.55,25476182.42
2025-08-06 10:14:31,123.23,456.56,789.99,255.55,556.38,255.33,779.46,99.55,25476182.42
2025-08-06 10:14:31,123.23,456.56,789.99,255.55,556.38,255.33,779.46,99.55,25476182.42
2025-08-06 10:14:41,123.23,456.56,789.99,255.55,556.38,255.33,779.46,99.55,25476182.42
2025-08-06 10:15:31,123.23,456.56,789.99,255.55,556.38,255.33,779.46,99.55,25476182.42
2025-08-06 10:15:35,123.23,456.56,789.99,255.55,556.38,255.33,779.46,99.55,25476182.42
2025-08-06 10:16:35,123.23,456.56,789.99,255.55,556.38,255.33,779.46,99.55,25476182.42
2025-08-06 10:17:35,123.23,456.56,789.99,255.55,556.38,255.33,779.46,99.55,25476182.42
2025-08-06 10:17:53,123.23,456.56,789.99,255.55,556.38,255.33,779.46,99.55,25476182.42
2025-08-06 10:18:35,123.23,456.56,789.99,255.55,556.38,255.33,779.46,99.55,25476182.42
2025-08-06 10:19:14,123.23,456.56,789.99,255.55,556.38,255.33,779.46,99.55,25476182.42
2025-08-06 10:19:36,123.23,456.56,789.99,255.55,556.38,255.33,779.46,99.55,25476182.42
2025-08-06 10:19:52,123.23,456.56,789.99,255.55,556.38,255.33,779.46,99.55,25476182.42
2025-08-06 10:20:52,123.23,456.56,789.99,255.55,556.38,255.33,779.46,99.55,25476182.42
2025-08-06 10:21:52,123.23,456.56,789.99,255.55,556.38,255.33,779.46,99.55,25476182.42
2025-08-06 10:22:52,123.23,456.56,789.99,255.55,556.38,255.33,779.46,99.55,25476182.42
2025-08-06 10:23:53,123.23,456.56,789.99,255.55,556.38,255.33,779.46,99.55,25476182.42
2025-08-06 10:24:53,123.23,456.56,789.99,255.55,556.38,255.33,779.46,99.55,25476182.42
2025-08-06 10:25:53,123.23,456.56,789.99,255.55,556.38,255.33,779.46,99.55,25476182.42
2025-08-06 10:29:54,0,78.9,8.5,12.3,0,0,18.2,245.8,594856.08
2025-08-06 10:30:58,123.44,456.65,789.99,556.88,0,0,18.2,245.8,594856.08
2025-08-06 10:31:58,123.44,456.65,789.99,556.88,255.11,665.22,999.32,20.55,32662174.61
2025-08-06 10:32:58,123.44,456.65,789.99,556.88,255.11,665.22,999.32,20.55,32662174.61
2025-08-06 10:33:59,123.44,456.65,789.99,556.88,255.11,665.22,999.32,20.55,32662174.61
2025-08-06 10:34:59,123.44,456.65,789.99,556.88,255.11,665.22,999.32,20.55,32662174.61
2025-08-06 10:35:59,123.44,456.65,789.99,556.88,255.11,665.22,999.32,20.55,32662174.61
2025-08-06 10:36:59,123.44,456.65,789.99,556.88,255.11,665.22,999.32,20.55,32662174.61
2025-08-06 10:38:00,123.44,456.65,789.99,556.88,255.11,665.22,999.32,20.55,32662174.61
2025-08-06 10:39:00,123.44,456.65,789.99,556.88,255.11,665.22,999.32,20.55,32662174.61
2025-08-06 10:40:00,123.44,456.65,789.99,556.88,255.11,665.22,999.32,20.55,32662174.61
2025-08-06 10:41:01,123.44,456.65,789.99,556.88,255.11,665.22,999.32,20.55,32662174.61
2025-08-06 10:42:01,123.44,456.65,789.99,556.88,255.11,665.22,999.32,20.55,32662174.61
2025-08-06 10:43:01,123.44,456.65,789.99,556.88,255.11,665.22,999.32,20.55,32662174.61
2025-08-06 10:44:02,123.44,456.65,789.99,556.88,255.11,665.22,999.32,20.55,32662174.61
2025-08-06 10:45:02,123.44,456.65,789.99,556.88,255.11,665.22,999.32,20.55,32662174.61
2025-08-06 10:46:02,123.44,456.65,789.99,556.88,255.11,665.22,999.32,20.55,32662174.61
2025-08-06 10:47:02,123.44,456.65,789.99,556.88,255.11,665.22,999.32,20.55,32662174.61
2025-08-06 10:47:38,123.44,456.65,789.99,556.88,255.11,665.22,999.32,20.55,32662174.61
2025-08-06 10:48:38,123.44,456.65,789.99,556.88,255.11,665.22,999.32,20.55,32662174.61
2025-08-06 10:48:56,123.44,456.65,789.99,556.88,255.11,665.22,999.32,20.55,32662174.61
2025-08-06 10:49:11,123.44,456.65,789.99,556.88,255.11,665.22,999.32,20.55,32662174.61
2025-08-06 10:49:25,123.44,456.65,789.99,556.88,255.11,665.22,999.32,20.55,32662174.61
2025-08-06 10:49:35,123.44,456.65,789.99,556.88,255.11,665.22,999.32,20.55,32662174.61
2025-08-06 10:50:35,123.44,456.65,789.99,556.88,255.11,665.22,999.32,20.55,32662174.61
2025-08-06 10:51:35,123.44,456.65,789.99,556.88,255.11,665.22,999.32,20.55,32662174.61
2025-08-06 10:52:36,123.44,456.65,789.99,556.88,255.11,665.22,999.32,20.55,32662174.61
2025-08-06 10:53:36,123.44,456.65,789.99,556.88,255.11,665.22,999.32,20.55,32662174.61
2025-08-06 10:54:36,123.44,456.65,789.99,556.88,255.11,665.22,999.32,20.55,32662174.61
2025-08-06 10:55:37,123.44,456.65,789.99,556.88,255.11,665.22,999.32,20.55,32662174.61
2025-08-06 10:56:37,123.44,456.65,789.99,556.88,255.11,665.22,999.32,20.55,32662174.61
2025-08-06 10:57:26,123.44,456.65,789.99,556.88,255.11,665.22,999.32,20.55,32662174.61
2025-08-06 10:57:44,123.44,456.65,789.99,556.88,255.11,665.22,999.32,20.55,32662174.61
2025-08-06 10:58:45,123.44,456.65,789.99,556.88,255.11,665.22,999.32,20.55,32662174.61
2025-08-06 10:59:14,123.44,456.65,789.99,556.88,255.11,665.22,999.32,20.55,32662174.61
2025-08-06 11:00:15,123.44,456.65,789.99,556.88,255.11,665.22,999.32,20.55,32662174.61
2025-08-06 11:01:15,123.44,456.65,789.99,556.88,255.11,665.22,999.32,20.55,32662174.61
2025-08-06 11:02:15,123.44,456.65,789.99,556.88,255.11,665.22,999.32,20.55,32662174.61
2025-08-06 11:02:26,123.44,456.65,789.99,556.88,255.11,665.22,999.32,20.55,32662174.61
2025-08-06 11:03:26,123.44,456.65,789.99,556.88,255.11,665.22,999.32,20.55,32662174.61
2025-08-06 11:04:27,123.44,456.65,789.99,556.88,255.11,665.22,999.32,20.55,32662174.61
2025-08-06 11:05:27,123.44,456.65,789.99,556.88,255.11,665.22,999.32,20.55,32662174.61
2025-08-06 11:06:27,123.44,456.65,789.99,556.88,255.11,665.22,999.32,20.55,32662174.61
2025-08-06 11:07:27,123.44,456.65,789.99,556.88,255.11,665.22,999.32,20.55,32662174.61
2025-08-06 11:08:28,123.44,456.65,789.99,556.88,255.11,665.22,999.32,20.55,32662174.61
2025-08-06 11:09:28,123.44,456.65,789.99,556.88,255.11,665.22,999.32,20.55,32662174.61
2025-08-06 11:34:20,123.44,456.65,789.99,556.88,255.11,665.22,999.32,20.55,32662174.61
2025-08-06 11:35:21,123.44,456.65,789.99,556.88,255.11,665.22,999.32,20.55,32662174.61
2025-08-06 11:36:21,123.44,456.65,789.99,556.88,255.11,665.22,999.32,20.55,32662174.61
2025-08-06 11:37:21,123.44,456.65,789.99,556.88,255.11,665.22,999.32,20.55,32662174.61
2025-08-06 11:38:22,123.44,456.65,789.99,556.88,255.11,665.22,999.32,20.55,32662174.61
2025-08-06 12:35:45,123.44,456.65,789.99,556.88,255.11,665.22,999.32,20.55,32662174.61
2025-08-06 12:36:45,123.44,456.65,789.99,556.88,255.11,665.22,999.32,20.55,32662174.61
2025-08-06 12:37:45,123.44,456.65,789.99,556.88,255.11,665.22,999.32,20.55,32662174.61
2025-08-06 12:38:45,123.44,456.65,789.99,556.88,255.11,665.22,999.32,20.55,32662174.61
2025-08-06 12:39:46,123.44,456.65,789.99,556.88,255.11,665.22,999.32,20.55,32662174.61
2025-08-06 12:40:46,123.44,456.65,789.99,556.88,255.11,665.22,999.32,20.55,32662174.61
2025-08-06 12:41:46,123.44,456.65,789.99,556.88,255.11,665.22,999.32,20.55,32662174.61
2025-08-06 12:42:46,123.44,456.65,789.99,556.88,255.11,665.22,999.32,20.55,32662174.61
2025-08-06 12:43:47,123.44,456.65,789.99,556.88,255.11,665.22,999.32,20.55,32662174.61
2025-08-06 12:44:47,123.44,456.65,789.99,556.88,255.11,665.22,999.32,20.55,32662174.61
2025-08-06 12:45:47,123.44,456.65,789.99,556.88,255.11,665.22,999.32,20.55,32662174.61
2025-08-06 12:46:48,123.44,456.65,789.99,556.88,255.11,665.22,999.32,20.55,32662174.61
2025-08-06 12:47:48,123.44,456.65,789.99,556.88,255.11,665.22,999.32,20.55,32662174.61
2025-08-06 12:48:48,123.44,456.65,789.99,556.88,255.11,665.22,999.32,20.55,32662174.61
2025-08-06 12:49:49,123.44,456.65,789.99,556.88,255.11,665.22,999.32,20.55,32662174.61
2025-08-06 12:50:49,123.44,456.65,789.99,556.88,255.11,665.22,999.32,20.55,32662174.61
2025-08-06 12:51:49,123.44,456.65,789.99,556.88,255.11,665.22,999.32,20.55,32662174.61
2025-08-06 12:52:50,123.44,456.65,789.99,556.88,255.11,665.22,999.32,20.55,32662174.61
2025-08-06 12:53:50,123.44,456.65,789.99,556.88,255.11,665.22,999.32,20.55,32662174.61
2025-08-06 12:54:50,123.44,456.65,789.99,556.88,255.11,665.22,999.32,20.55,32662174.61
2025-08-06 12:55:50,123.44,456.65,789.99,556.88,255.11,665.22,999.32,20.55,32662174.61
2025-08-06 12:56:51,123.44,456.65,789.99,556.88,255.11,665.22,999.32,20.55,32662174.61
2025-08-06 13:14:15,0,78.9,8.5,12.3,0,0,18.2,245.8,594856.08
2025-08-06 13:15:19,123.55,55.6,77.2,80.23,0,0,18.2,245.8,594856.08
2025-08-06 13:16:19,123.55,55.6,77.2,80.23,15.7,125.3,18.2,245.8,594856.08
2025-08-06 13:17:19,123.55,55.6,77.2,80.23,15.7,125.3,18.2,245.8,594856.08
2025-08-06 13:18:19,123.55,55.6,77.2,80.23,15.7,125.3,18.2,245.8,594856.08
2025-08-06 13:19:20,123.55,55.6,77.2,80.23,15.7,125.3,18.2,245.8,594856.08
2025-08-06 13:20:20,123.55,55.6,77.2,80.23,15.7,125.3,18.2,245.8,594856.08
2025-08-06 13:21:20,123.55,55.6,77.2,80.23,15.7,125.3,18.2,245.8,594856.08
2025-08-06 13:22:20,123.55,55.6,77.2,80.23,15.7,125.3,18.2,245.8,594856.08
2025-08-06 13:23:20,123.55,55.6,77.2,80.23,15.7,125.3,18.2,245.8,594856.08
2025-08-06 13:24:20,123.55,55.6,77.2,80.23,15.7,125.3,18.2,245.8,594856.08
2025-08-06 13:25:21,123.55,55.6,77.2,80.23,15.7,125.3,18.2,245.8,594856.08
2025-08-06 13:26:21,123.55,55.6,77.2,80.23,15.7,125.3,18.2,245.8,594856.08
2025-08-06 13:27:21,123.55,55.6,77.2,80.23,15.7,125.3,18.2,245.8,594856.08
2025-08-06 13:28:22,123.55,55.6,77.2,80.23,0.0,125.3,18.2,245.8,594856.08
2025-08-06 13:29:22,123.55,55.6,77.2,80.23,23.55,125.3,18.2,245.8,594856.08
2025-08-06 13:30:22,123.55,55.6,77.2,80.23,23.55,125.3,18.2,245.8,594856.08
2025-08-06 13:31:23,123.55,55.6,77.2,80.23,23.55,25.33,55.22,88.64,1804832.57
2025-08-06 13:32:23,123.55,55.6,77.2,80.23,23.55,25.33,55.22,88.64,1804832.57
2025-08-06 13:33:23,123.55,55.6,77.2,80.23,23.55,25.33,55.22,88.64,1804832.57
2025-08-06 13:35:41,123.55,55.6,77.2,80.23,23.55,25.33,55.22,88.64,1804832.57
2025-08-06 13:59:15,25.33,55.22,88.64,198792.0
2025-08-06 14:00:15,25.33,55.22,88.64,198792.0
2025-08-06 14:01:15,25.33,55.22,88.64,198792.0
2025-08-06 14:02:15,25.33,55.22,88.64,198792.0
2025-08-06 14:02:47,123.55,55.6,77.2,80.23,23.55,25.33,55.22,88.64,198792.0
2025-08-06 14:03:45,123.55,55.6,77.2,80.23,23.55,25.33,55.22,88.64,198792.0
2025-08-06 14:04:45,123.55,55.6,77.2,80.23,23.55,25.33,55.22,88.64,198792.0
2025-08-06 14:05:46,123.55,55.6,77.2,80.23,23.55,25.33,55.22,88.64,198792.0
2025-08-06 14:06:47,123.55,55.6,77.2,80.23,23.55,25.33,55.22,88.64,198792.0
2025-08-06 14:13:22,25.33,55.22,88.64,198792.0
2025-08-06 14:14:22,25.33,55.22,88.64,198792.0
2025-08-06 14:22:11,25.33,55.22,88.64,198792.0
2025-08-06 14:23:11,25.33,55.22,88.64,198792.0
2025-08-06 14:24:11,25.33,55.22,88.64,198792.0
2025-08-06 14:25:11,25.33,55.22,88.64,198792.0
2025-08-06 14:26:11,25.33,55.22,88.64,198792.0
2025-08-07 09:15:21,0,0,0,0
2025-08-07 09:16:21,0,0,0,0
2025-08-07 09:17:21,0,0,0,0
2025-08-07 09:18:21,0,0,0,0
2025-08-07 09:19:21,0,0,0,0
2025-08-07 09:20:18,0,0,0,0
2025-08-07 09:20:36,0,0,0,0
2025-08-07 09:21:13,0,0,0,0
2025-08-07 09:21:26,0,0,0,0
2025-08-07 09:21:39,0,0,0,0
2025-08-07 09:21:51,0,0,0,0
2025-08-07 09:22:20,0,0,0,0
2025-08-07 09:22:25,0,0,0,0
2025-08-07 09:22:42,0,0,0,0
2025-08-07 09:23:42,12.22
2025-08-07 09:24:42,12.22
2025-08-07 09:25:42,12.22
2025-08-07 09:26:42,12.22
2025-08-07 09:27:42,12.22
2025-08-07 09:28:42,12.22
2025-08-07 09:29:42,12.22
2025-08-07 09:30:42,12.22
2025-08-07 09:31:42,12.22
2025-08-07 09:32:42,12.22
2025-08-07 09:33:42,12.22
2025-08-07 09:34:42,12.22
2025-08-07 09:35:42,12.22
2025-08-07 09:36:42,12.22
2025-08-07 09:37:42,12.22
2025-08-07 09:38:42,12.22
2025-08-07 09:39:42,12.22
2025-08-07 09:40:42,12.22
2025-08-07 09:41:42,12.22
2025-08-07 09:42:42,12.22
2025-08-07 09:43:42,12.22
2025-08-07 09:44:42,12.22
2025-08-07 09:45:42,12.22
2025-08-07 09:46:42,12.22
2025-08-07 09:47:42,12.22
2025-08-07 09:48:42,12.22
2025-08-07 09:49:42,12.22
2025-08-07 09:50:42,12.22
2025-08-07 09:51:42,12.22
2025-08-07 09:52:42,12.22
2025-08-07 09:53:43,12.22
2025-08-07 09:54:43,12.22
2025-08-07 09:55:43,12.22
2025-08-07 09:56:43,12.22
2025-08-07 09:57:43,12.22
2025-08-07 09:58:43,12.22
2025-08-07 09:59:43,12.22
2025-08-07 10:05:12,12.22
2025-08-07 10:06:12,12.22
2025-08-07 10:07:12,12.22
2025-08-07 10:08:12,12.22
2025-08-07 10:09:12,12.22
2025-08-07 10:10:12,12.22
2025-08-07 10:11:12,12.22
2025-08-07 10:12:12,12.22
2025-08-07 10:13:12,12.22
2025-08-07 10:14:12,12.22
2025-08-07 10:15:12,12.22
2025-08-07 10:16:12,12.22,55.6,77.44,88.99
2025-08-07 10:17:12,12.22,55.6,77.44,88.99,20.5
2025-08-07 10:18:13,12.22,55.6,77.44,88.99,20.5
2025-08-07 10:19:13,12.22,55.6,77.44,88.99,20.5
2025-08-07 10:20:13,12.22,55.6,77.44,88.99,20.5
2025-08-07 10:21:14,12.22,55.6,77.44,88.99,20.5,15.3,60.21,99.33,6502680.0
2025-08-07 10:22:14,12.22,55.6,77.44,88.99,20.5,15.3,60.21,99.33,6502680.0
2025-08-07 10:23:14,12.22,55.6,77.44,88.99,20.5,15.3,60.21,99.33,6502680.0
2025-08-07 10:24:15,12.22,55.6,77.44,88.99,20.5,15.3,60.21,99.33,6502680.0
2025-08-07 10:25:15,12.22,55.6,77.44,88.99,20.5,15.3,60.21,99.33,6502680.0
2025-08-07 10:26:15,12.22,55.6,77.44,88.99,20.5,15.3,60.21,99.33,6502680.0
2025-08-07 10:27:16,12.22,55.6,77.44,88.99,20.5,15.3,60.21,99.33,6502680.0
2025-08-07 10:28:16,12.22,55.6,77.44,88.99,20.5,15.3,60.21,99.33,6502680.0
2025-08-07 10:29:17,12.22,55.6,77.44,88.99,20.5,15.3,60.21,99.33,6502680.0
2025-08-07 10:30:17,12.22,55.6,77.44,88.99,20.5,15.3,60.21,99.33,6502680.0
2025-08-07 10:31:17,12.22,55.6,77.44,88.99,20.5,15.3,60.21,99.33,6502680.0
2025-08-07 10:32:18,12.22,55.6,77.44,88.99,20.5,15.3,60.21,99.33,6502680.0
2025-08-07 10:33:18,12.22,55.6,77.44,88.99,20.5,15.3,60.21,99.33,6502680.0
2025-08-07 10:34:18,12.22,55.6,77.44,88.99,20.5,15.3,60.21,99.33,6502680.0
2025-08-07 10:35:18,12.22,55.6,77.44,88.99,20.5,15.3,60.21,99.33,6502680.0
2025-08-07 10:36:19,12.22,55.6,77.44,88.99,20.5,15.3,60.21,99.33,6502680.0
2025-08-07 10:37:19,12.22,55.6,77.44,88.99,20.5,15.3,60.21,99.33,6502680.0
2025-08-07 10:38:19,12.22,55.6,77.44,88.99,20.5,15.3,60.21,99.33,6502680.0
2025-08-07 10:39:19,12.22,55.6,77.44,88.99,20.5,15.3,60.21,99.33,6502680.0
2025-08-07 10:40:20,12.22,55.6,77.44,88.99,20.5,15.3,60.21,99.33,6502680.0
2025-08-07 10:41:20,12.22,55.6,77.44,88.99,20.5,15.3,60.21,99.33,6502680.0
2025-08-07 10:42:20,12.22,55.6,77.44,88.99,20.5,15.3,60.21,99.33,6502680.0
2025-08-07 10:43:21,12.22,55.6,77.44,88.99,20.5,15.3,60.21,99.33,6502680.0
2025-08-07 10:44:21,12.22,55.6,77.44,88.99,20.5,15.3,60.21,99.33,6502680.0
2025-08-07 10:45:22,12.22,55.6,77.44,88.99,20.5,15.3,60.21,99.33,6502680.0
2025-08-07 10:54:10,12.22,55.6,77.44,88.99,20.5,15.3,60.21,99.33,6502680.0
2025-08-07 10:55:10,12.22,55.6,77.44,88.99,20.5,15.3,60.21,99.33,6502680.0
2025-08-07 10:55:21,12.22,55.6,77.44,88.99,20.5,15.3,60.21,99.33,6502680.0
2025-08-07 10:55:35,12.22,55.6,77.44,88.99,20.5,15.3,60.21,99.33,6502680.0
2025-08-07 10:56:36,12.22,55.6,77.44,88.99,20.5,15.3,60.21,99.33,6502680.0
2025-08-07 10:57:36,12.22,55.6,77.44,88.99,20.5,15.3,60.21,99.33,6502680.0
2025-08-07 10:57:56,12.22,55.6,77.44,88.99,20.5,15.3,60.21,99.33,6502680.0
2025-08-07 10:58:23,12.22,55.6,77.44,88.99,20.5,15.3,60.21,99.33,6502680.0
2025-08-07 10:58:38,12.22,55.6,77.44,88.99,20.5,15.3,60.21,99.33,6502680.0
2025-08-07 10:59:38,12.22,55.6,77.44,88.99,20.5,15.3,60.21,99.33,6502680.0
2025-08-07 11:00:39,12.22,55.6,77.44,88.99,20.5,15.3,60.21,99.33,6502680.0
2025-08-07 11:01:39,12.22,55.6,77.44,88.99,20.5,15.3,60.21,99.33,6502680.0
2025-08-07 11:02:39,12.22,55.6,15.2,88.99,20.5,15.3,60.21,99.33,6502680.0
2025-08-07 11:03:39,12.22,55.6,15.2,88.99,20.5,15.3,60.21,99.33,6502680.0
2025-08-07 11:04:40,12.22,55.6,15.2,88.99,20.5,15.3,60.21,99.33,6502680.0
2025-08-07 11:05:10,12.22,55.6,15.2,88.99,20.5,15.3,60.21,99.33,6502680.0
2025-08-07 11:06:10,12.22,55.6,15.2,88.99,20.5,15.3,60.21,99.33,6502680.0
2025-08-07 11:07:10,12.22,55.6,15.2,88.99,20.5,15.3,60.21,99.33,6502680.0
2025-08-07 11:08:10,12.22,55.6,15.2,88.99,20.5,15.3,60.21,99.33,6502680.0
2025-08-07 11:09:11,335.22,55.6,15.2,88.99,20.5,15.3,60.21,99.33,6502680.0
2025-08-07 11:10:11,335.22,55.6,15.2,88.99,20.5,15.3,60.21,99.33,6502680.0
2025-08-07 11:11:11,335.22,55.6,15.2,88.99,20.5,15.3,60.21,99.33,6502680.0
2025-08-07 11:12:12,335.22,55.6,15.2,88.99,20.5,15.3,60.21,99.33,6502680.0
2025-08-07 11:13:12,335.22,55.6,15.2,88.99,20.5,15.3,60.21,99.33,6502680.0
2025-08-07 11:14:12,335.22,55.6,15.2,88.99,20.5,15.3,60.21,99.33,6502680.0
2025-08-07 11:15:13,335.22,55.6,15.2,88.99,20.5,15.3,60.21,99.33,6502680.0
2025-08-07 11:16:13,335.22,55.6,15.2,88.99,20.5,15.3,60.21,99.33,15524064.72
2025-08-07 11:17:13,335.22,55.6,15.2,88.99,20.5,15.3,60.21,99.33,15524064.72
2025-08-07 11:17:20,335.22,55.6,15.2,88.99,20.5,15.3,60.21,99.33,12891600.0
2025-08-07 11:17:58,335.22,55.6,15.2,88.99,20.5,15.3,60.21,99.33,12891600.0
2025-08-07 11:18:58,335.22,55.6,15.2,88.99,20.5,15.3,60.21,99.33,12891600.0
2025-08-07 11:19:59,335.22,55.6,15.2,88.99,20.5,15.3,60.21,99.33,12891600.0
2025-08-07 11:20:59,335.22,55.6,15.2,88.99,20.5,15.3,60.21,99.33,12891600.0
2025-08-07 11:21:59,335.22,55.6,15.2,88.99,20.5,15.3,60.21,99.33,8952480.0
